Threshold,False Positive Rate (x),True Positive Rate (y)
0.000000,1.000000,1.000000
0.001000,1.000000,1.000000
0.002000,1.000000,0.997925
0.003000,0.991701,0.997925
0.004000,0.983402,0.997925
0.005000,0.983402,0.997925
0.006000,0.981328,0.997925
0.007000,0.979253,0.995851
0.008000,0.979253,0.995851
0.009000,0.977178,0.995851
0.010000,0.966805,0.995851
0.011000,0.962656,0.995851
0.012000,0.962656,0.995851
0.013000,0.962656,0.995851
0.014000,0.958506,0.995851
0.015000,0.952282,0.995851
0.016000,0.943983,0.995851
0.017000,0.943983,0.995851
0.018000,0.943983,0.995851
0.019000,0.935685,0.995851
0.020000,0.931535,0.993776
0.021000,0.927386,0.993776
0.022000,0.921162,0.993776
0.023000,0.908714,0.993776
0.024000,0.908714,0.993776
0.025000,0.904564,0.993776
0.026000,0.904564,0.993776
0.027000,0.902490,0.993776
0.028000,0.902490,0.993776
0.029000,0.896266,0.993776
0.030000,0.896266,0.993776
0.031000,0.887967,0.991701
0.032000,0.887967,0.991701
0.033000,0.883817,0.991701
0.034000,0.881743,0.991701
0.035000,0.881743,0.991701
0.036000,0.877593,0.991701
0.037000,0.869295,0.991701
0.038000,0.867220,0.991701
0.039000,0.863071,0.991701
0.040000,0.863071,0.991701
0.041000,0.854772,0.991701
0.042000,0.844398,0.991701
0.043000,0.844398,0.991701
0.044000,0.840249,0.991701
0.045000,0.831950,0.991701
0.046000,0.827801,0.991701
0.047000,0.827801,0.991701
0.048000,0.821577,0.991701
0.049000,0.817427,0.991701
0.050000,0.813278,0.991701
0.051000,0.811203,0.991701
0.052000,0.807054,0.991701
0.053000,0.800830,0.991701
0.054000,0.798755,0.991701
0.055000,0.790456,0.991701
0.056000,0.786307,0.991701
0.057000,0.784232,0.991701
0.058000,0.780083,0.991701
0.059000,0.778008,0.991701
0.060000,0.778008,0.991701
0.061000,0.767635,0.991701
0.062000,0.759336,0.991701
0.063000,0.751037,0.991701
0.064000,0.740664,0.989627
0.065000,0.736515,0.989627
0.066000,0.732365,0.989627
0.067000,0.730290,0.987552
0.068000,0.724066,0.987552
0.069000,0.715768,0.987552
0.070000,0.713693,0.987552
0.071000,0.711618,0.987552
0.072000,0.707469,0.987552
0.073000,0.707469,0.987552
0.074000,0.703320,0.987552
0.075000,0.699170,0.987552
0.076000,0.695021,0.987552
0.077000,0.690871,0.987552
0.078000,0.688797,0.987552
0.079000,0.684647,0.987552
0.080000,0.678423,0.985477
0.081000,0.672199,0.985477
0.082000,0.668050,0.985477
0.083000,0.663900,0.985477
0.084000,0.655602,0.985477
0.085000,0.649378,0.985477
0.086000,0.645228,0.985477
0.087000,0.643154,0.985477
0.088000,0.643154,0.985477
0.089000,0.636929,0.985477
0.090000,0.634855,0.983402
0.091000,0.630705,0.983402
0.092000,0.624481,0.983402
0.093000,0.620332,0.983402
0.094000,0.620332,0.983402
0.095000,0.616183,0.981328
0.096000,0.614108,0.981328
0.097000,0.614108,0.981328
0.098000,0.612033,0.981328
0.099000,0.605809,0.981328
0.100000,0.599585,0.981328
0.101000,0.589212,0.981328
0.102000,0.589212,0.981328
0.103000,0.582988,0.981328
0.104000,0.578838,0.981328
0.105000,0.578838,0.981328
0.106000,0.578838,0.981328
0.107000,0.576763,0.981328
0.108000,0.576763,0.981328
0.109000,0.570539,0.981328
0.110000,0.568465,0.981328
0.111000,0.556017,0.981328
0.112000,0.551867,0.981328
0.113000,0.547718,0.979253
0.114000,0.539419,0.979253
0.115000,0.535270,0.979253
0.116000,0.533195,0.979253
0.117000,0.533195,0.979253
0.118000,0.533195,0.979253
0.119000,0.526971,0.979253
0.120000,0.520747,0.977178
0.121000,0.516598,0.977178
0.122000,0.508299,0.977178
0.123000,0.506224,0.977178
0.124000,0.504149,0.977178
0.125000,0.497925,0.977178
0.126000,0.497925,0.977178
0.127000,0.497925,0.977178
0.128000,0.497925,0.977178
0.129000,0.489627,0.977178
0.130000,0.487552,0.977178
0.131000,0.479253,0.977178
0.132000,0.475104,0.977178
0.133000,0.470954,0.977178
0.134000,0.466805,0.977178
0.135000,0.462656,0.977178
0.136000,0.462656,0.977178
0.137000,0.458506,0.977178
0.138000,0.454357,0.977178
0.139000,0.443983,0.977178
0.140000,0.441909,0.977178
0.141000,0.439834,0.977178
0.142000,0.439834,0.977178
0.143000,0.435685,0.975104
0.144000,0.435685,0.975104
0.145000,0.435685,0.975104
0.146000,0.433610,0.975104
0.147000,0.431535,0.975104
0.148000,0.429461,0.970954
0.149000,0.425311,0.968880
0.150000,0.423237,0.968880
0.151000,0.423237,0.968880
0.152000,0.419087,0.968880
0.153000,0.419087,0.968880
0.154000,0.419087,0.968880
0.155000,0.419087,0.968880
0.156000,0.419087,0.968880
0.157000,0.414938,0.968880
0.158000,0.412863,0.966805
0.159000,0.410788,0.966805
0.160000,0.408714,0.964730
0.161000,0.408714,0.964730
0.162000,0.406639,0.964730
0.163000,0.406639,0.964730
0.164000,0.402490,0.964730
0.165000,0.398340,0.964730
0.166000,0.394191,0.964730
0.167000,0.394191,0.964730
0.168000,0.394191,0.964730
0.169000,0.390041,0.964730
0.170000,0.387967,0.964730
0.171000,0.387967,0.962656
0.172000,0.387967,0.962656
0.173000,0.385892,0.962656
0.174000,0.383817,0.962656
0.175000,0.381743,0.962656
0.176000,0.377593,0.962656
0.177000,0.377593,0.962656
0.178000,0.375519,0.962656
0.179000,0.369295,0.962656
0.180000,0.365145,0.962656
0.181000,0.365145,0.962656
0.182000,0.363071,0.962656
0.183000,0.354772,0.962656
0.184000,0.352697,0.960581
0.185000,0.352697,0.960581
0.186000,0.352697,0.958506
0.187000,0.352697,0.956432
0.188000,0.352697,0.956432
0.189000,0.350622,0.956432
0.190000,0.350622,0.956432
0.191000,0.348548,0.956432
0.192000,0.346473,0.956432
0.193000,0.346473,0.956432
0.194000,0.346473,0.956432
0.195000,0.344398,0.956432
0.196000,0.342324,0.956432
0.197000,0.342324,0.954357
0.198000,0.342324,0.954357
0.199000,0.342324,0.954357
0.200000,0.340249,0.954357
0.201000,0.340249,0.952282
0.202000,0.340249,0.952282
0.203000,0.340249,0.952282
0.204000,0.340249,0.952282
0.205000,0.340249,0.952282
0.206000,0.336100,0.952282
0.207000,0.336100,0.952282
0.208000,0.336100,0.952282
0.209000,0.336100,0.952282
0.210000,0.336100,0.952282
0.211000,0.336100,0.952282
0.212000,0.334025,0.952282
0.213000,0.334025,0.952282
0.214000,0.334025,0.952282
0.215000,0.329876,0.952282
0.216000,0.327801,0.952282
0.217000,0.327801,0.952282
0.218000,0.327801,0.952282
0.219000,0.327801,0.952282
0.220000,0.327801,0.952282
0.221000,0.327801,0.952282
0.222000,0.325726,0.950207
0.223000,0.321577,0.950207
0.224000,0.317427,0.950207
0.225000,0.317427,0.950207
0.226000,0.315353,0.950207
0.227000,0.315353,0.950207
0.228000,0.315353,0.950207
0.229000,0.313278,0.950207
0.230000,0.313278,0.950207
0.231000,0.309129,0.950207
0.232000,0.302905,0.950207
0.233000,0.302905,0.948133
0.234000,0.300830,0.948133
0.235000,0.298755,0.948133
0.236000,0.298755,0.948133
0.237000,0.294606,0.948133
0.238000,0.294606,0.948133
0.239000,0.292531,0.948133
0.240000,0.292531,0.948133
0.241000,0.290456,0.948133
0.242000,0.290456,0.948133
0.243000,0.288382,0.948133
0.244000,0.288382,0.948133
0.245000,0.288382,0.948133
0.246000,0.286307,0.948133
0.247000,0.286307,0.946058
0.248000,0.286307,0.946058
0.249000,0.286307,0.946058
0.250000,0.286307,0.946058
0.251000,0.286307,0.946058
0.252000,0.284232,0.946058
0.253000,0.282158,0.946058
0.254000,0.280083,0.946058
0.255000,0.280083,0.946058
0.256000,0.275934,0.946058
0.257000,0.275934,0.946058
0.258000,0.275934,0.946058
0.259000,0.273859,0.946058
0.260000,0.273859,0.946058
0.261000,0.273859,0.946058
0.262000,0.273859,0.946058
0.263000,0.273859,0.946058
0.264000,0.271784,0.946058
0.265000,0.271784,0.946058
0.266000,0.271784,0.946058
0.267000,0.269710,0.946058
0.268000,0.269710,0.946058
0.269000,0.269710,0.946058
0.270000,0.267635,0.943983
0.271000,0.267635,0.943983
0.272000,0.267635,0.943983
0.273000,0.265560,0.943983
0.274000,0.263485,0.943983
0.275000,0.263485,0.943983
0.276000,0.261411,0.943983
0.277000,0.257261,0.943983
0.278000,0.255187,0.943983
0.279000,0.253112,0.943983
0.280000,0.253112,0.943983
0.281000,0.253112,0.941909
0.282000,0.253112,0.939834
0.283000,0.248963,0.939834
0.284000,0.248963,0.939834
0.285000,0.248963,0.939834
0.286000,0.248963,0.939834
0.287000,0.248963,0.939834
0.288000,0.248963,0.939834
0.289000,0.248963,0.939834
0.290000,0.248963,0.939834
0.291000,0.248963,0.939834
0.292000,0.244813,0.939834
0.293000,0.244813,0.939834
0.294000,0.244813,0.939834
0.295000,0.244813,0.939834
0.296000,0.244813,0.939834
0.297000,0.244813,0.939834
0.298000,0.244813,0.939834
0.299000,0.244813,0.939834
0.300000,0.244813,0.939834
0.301000,0.242739,0.939834
0.302000,0.242739,0.939834
0.303000,0.240664,0.939834
0.304000,0.238589,0.939834
0.305000,0.236515,0.939834
0.306000,0.232365,0.939834
0.307000,0.230290,0.939834
0.308000,0.230290,0.939834
0.309000,0.226141,0.939834
0.310000,0.226141,0.939834
0.311000,0.226141,0.939834
0.312000,0.226141,0.939834
0.313000,0.226141,0.939834
0.314000,0.224066,0.939834
0.315000,0.224066,0.939834
0.316000,0.221992,0.939834
0.317000,0.221992,0.939834
0.318000,0.221992,0.939834
0.319000,0.219917,0.939834
0.320000,0.217842,0.939834
0.321000,0.217842,0.939834
0.322000,0.217842,0.939834
0.323000,0.215768,0.939834
0.324000,0.213693,0.939834
0.325000,0.213693,0.939834
0.326000,0.213693,0.939834
0.327000,0.211618,0.939834
0.328000,0.211618,0.939834
0.329000,0.209544,0.939834
0.330000,0.209544,0.937759
0.331000,0.209544,0.937759
0.332000,0.207469,0.935685
0.333000,0.207469,0.935685
0.334000,0.207469,0.933610
0.335000,0.207469,0.933610
0.336000,0.207469,0.933610
0.337000,0.205394,0.931535
0.338000,0.205394,0.931535
0.339000,0.205394,0.931535
0.340000,0.205394,0.931535
0.341000,0.205394,0.931535
0.342000,0.205394,0.931535
0.343000,0.205394,0.929461
0.344000,0.205394,0.927386
0.345000,0.203320,0.927386
0.346000,0.201245,0.927386
0.347000,0.201245,0.927386
0.348000,0.201245,0.927386
0.349000,0.201245,0.927386
0.350000,0.201245,0.927386
0.351000,0.201245,0.925311
0.352000,0.201245,0.925311
0.353000,0.201245,0.925311
0.354000,0.199170,0.925311
0.355000,0.199170,0.923237
0.356000,0.199170,0.923237
0.357000,0.199170,0.921162
0.358000,0.199170,0.921162
0.359000,0.199170,0.919087
0.360000,0.199170,0.919087
0.361000,0.197095,0.919087
0.362000,0.197095,0.919087
0.363000,0.197095,0.919087
0.364000,0.197095,0.919087
0.365000,0.197095,0.919087
0.366000,0.197095,0.919087
0.367000,0.195021,0.919087
0.368000,0.192946,0.919087
0.369000,0.192946,0.919087
0.370000,0.192946,0.919087
0.371000,0.192946,0.919087
0.372000,0.192946,0.917012
0.373000,0.192946,0.914938
0.374000,0.192946,0.914938
0.375000,0.192946,0.914938
0.376000,0.186722,0.914938
0.377000,0.186722,0.914938
0.378000,0.186722,0.914938
0.379000,0.186722,0.914938
0.380000,0.186722,0.914938
0.381000,0.186722,0.914938
0.382000,0.186722,0.912863
0.383000,0.186722,0.912863
0.384000,0.186722,0.912863
0.385000,0.186722,0.910788
0.386000,0.186722,0.908714
0.387000,0.184647,0.906639
0.388000,0.184647,0.906639
0.389000,0.184647,0.906639
0.390000,0.182573,0.906639
0.391000,0.180498,0.906639
0.392000,0.180498,0.906639
0.393000,0.180498,0.906639
0.394000,0.178423,0.906639
0.395000,0.178423,0.906639
0.396000,0.178423,0.904564
0.397000,0.178423,0.904564
0.398000,0.178423,0.904564
0.399000,0.178423,0.904564
0.400000,0.176349,0.902490
0.401000,0.176349,0.902490
0.402000,0.176349,0.902490
0.403000,0.176349,0.900415
0.404000,0.176349,0.900415
0.405000,0.176349,0.900415
0.406000,0.176349,0.898340
0.407000,0.176349,0.898340
0.408000,0.176349,0.898340
0.409000,0.176349,0.898340
0.410000,0.176349,0.894191
0.411000,0.176349,0.892116
0.412000,0.176349,0.892116
0.413000,0.176349,0.892116
0.414000,0.176349,0.892116
0.415000,0.174274,0.892116
0.416000,0.174274,0.892116
0.417000,0.174274,0.890041
0.418000,0.174274,0.890041
0.419000,0.174274,0.887967
0.420000,0.174274,0.887967
0.421000,0.174274,0.887967
0.422000,0.174274,0.887967
0.423000,0.172199,0.887967
0.424000,0.170124,0.887967
0.425000,0.170124,0.887967
0.426000,0.170124,0.887967
0.427000,0.170124,0.887967
0.428000,0.170124,0.885892
0.429000,0.170124,0.885892
0.430000,0.168050,0.885892
0.431000,0.168050,0.885892
0.432000,0.168050,0.883817
0.433000,0.168050,0.883817
0.434000,0.168050,0.883817
0.435000,0.168050,0.883817
0.436000,0.168050,0.883817
0.437000,0.165975,0.883817
0.438000,0.163900,0.883817
0.439000,0.163900,0.883817
0.440000,0.163900,0.883817
0.441000,0.163900,0.883817
0.442000,0.163900,0.883817
0.443000,0.161826,0.883817
0.444000,0.159751,0.883817
0.445000,0.159751,0.883817
0.446000,0.159751,0.881743
0.447000,0.157676,0.879668
0.448000,0.157676,0.879668
0.449000,0.157676,0.879668
0.450000,0.157676,0.879668
0.451000,0.157676,0.877593
0.452000,0.155602,0.877593
0.453000,0.155602,0.875519
0.454000,0.153527,0.875519
0.455000,0.153527,0.875519
0.456000,0.151452,0.875519
0.457000,0.151452,0.875519
0.458000,0.151452,0.875519
0.459000,0.151452,0.875519
0.460000,0.151452,0.873444
0.461000,0.151452,0.871369
0.462000,0.151452,0.869295
0.463000,0.151452,0.869295
0.464000,0.149378,0.869295
0.465000,0.149378,0.869295
0.466000,0.149378,0.869295
0.467000,0.149378,0.869295
0.468000,0.147303,0.869295
0.469000,0.147303,0.869295
0.470000,0.147303,0.869295
0.471000,0.147303,0.867220
0.472000,0.147303,0.865145
0.473000,0.147303,0.865145
0.474000,0.147303,0.865145
0.475000,0.147303,0.865145
0.476000,0.147303,0.863071
0.477000,0.147303,0.863071
0.478000,0.147303,0.863071
0.479000,0.147303,0.863071
0.480000,0.147303,0.863071
0.481000,0.147303,0.863071
0.482000,0.147303,0.863071
0.483000,0.147303,0.863071
0.484000,0.145228,0.863071
0.485000,0.145228,0.863071
0.486000,0.145228,0.863071
0.487000,0.145228,0.860996
0.488000,0.145228,0.860996
0.489000,0.145228,0.860996
0.490000,0.143154,0.860996
0.491000,0.143154,0.860996
0.492000,0.143154,0.858921
0.493000,0.143154,0.858921
0.494000,0.143154,0.858921
0.495000,0.141079,0.858921
0.496000,0.141079,0.858921
0.497000,0.141079,0.858921
0.498000,0.141079,0.858921
0.499000,0.141079,0.858921
0.500000,0.141079,0.858921
0.501000,0.141079,0.858921
0.502000,0.141079,0.858921
0.503000,0.141079,0.858921
0.504000,0.141079,0.858921
0.505000,0.141079,0.858921
0.506000,0.141079,0.858921
0.507000,0.141079,0.858921
0.508000,0.141079,0.856846
0.509000,0.141079,0.856846
0.510000,0.141079,0.854772
0.511000,0.141079,0.854772
0.512000,0.141079,0.854772
0.513000,0.141079,0.854772
0.514000,0.141079,0.854772
0.515000,0.139004,0.854772
0.516000,0.139004,0.854772
0.517000,0.139004,0.854772
0.518000,0.139004,0.854772
0.519000,0.136929,0.854772
0.520000,0.136929,0.854772
0.521000,0.136929,0.852697
0.522000,0.136929,0.852697
0.523000,0.136929,0.852697
0.524000,0.136929,0.852697
0.525000,0.136929,0.852697
0.526000,0.136929,0.852697
0.527000,0.136929,0.852697
0.528000,0.136929,0.852697
0.529000,0.134855,0.852697
0.530000,0.132780,0.852697
0.531000,0.132780,0.852697
0.532000,0.132780,0.852697
0.533000,0.130705,0.850622
0.534000,0.130705,0.850622
0.535000,0.130705,0.850622
0.536000,0.130705,0.850622
0.537000,0.130705,0.850622
0.538000,0.128631,0.850622
0.539000,0.128631,0.850622
0.540000,0.126556,0.848548
0.541000,0.126556,0.848548
0.542000,0.126556,0.848548
0.543000,0.124481,0.848548
0.544000,0.124481,0.848548
0.545000,0.124481,0.848548
0.546000,0.122407,0.848548
0.547000,0.122407,0.848548
0.548000,0.122407,0.848548
0.549000,0.120332,0.844398
0.550000,0.120332,0.844398
0.551000,0.118257,0.842324
0.552000,0.118257,0.842324
0.553000,0.118257,0.840249
0.554000,0.116183,0.840249
0.555000,0.116183,0.840249
0.556000,0.116183,0.840249
0.557000,0.116183,0.840249
0.558000,0.116183,0.840249
0.559000,0.116183,0.840249
0.560000,0.116183,0.840249
0.561000,0.116183,0.838174
0.562000,0.116183,0.836100
0.563000,0.116183,0.834025
0.564000,0.116183,0.834025
0.565000,0.116183,0.834025
0.566000,0.116183,0.831950
0.567000,0.116183,0.831950
0.568000,0.116183,0.831950
0.569000,0.116183,0.831950
0.570000,0.112033,0.831950
0.571000,0.112033,0.829876
0.572000,0.112033,0.829876
0.573000,0.112033,0.829876
0.574000,0.112033,0.829876
0.575000,0.112033,0.827801
0.576000,0.112033,0.825726
0.577000,0.112033,0.825726
0.578000,0.112033,0.825726
0.579000,0.112033,0.825726
0.580000,0.109959,0.825726
0.581000,0.109959,0.825726
0.582000,0.109959,0.825726
0.583000,0.109959,0.825726
0.584000,0.107884,0.825726
0.585000,0.107884,0.825726
0.586000,0.105809,0.825726
0.587000,0.105809,0.825726
0.588000,0.105809,0.825726
0.589000,0.105809,0.823651
0.590000,0.105809,0.823651
0.591000,0.105809,0.823651
0.592000,0.105809,0.823651
0.593000,0.103734,0.821577
0.594000,0.101660,0.821577
0.595000,0.101660,0.821577
0.596000,0.101660,0.821577
0.597000,0.099585,0.821577
0.598000,0.099585,0.821577
0.599000,0.099585,0.819502
0.600000,0.099585,0.819502
0.601000,0.097510,0.819502
0.602000,0.097510,0.819502
0.603000,0.097510,0.819502
0.604000,0.097510,0.817427
0.605000,0.097510,0.817427
0.606000,0.097510,0.815353
0.607000,0.097510,0.815353
0.608000,0.097510,0.815353
0.609000,0.095436,0.815353
0.610000,0.095436,0.815353
0.611000,0.095436,0.815353
0.612000,0.095436,0.815353
0.613000,0.095436,0.815353
0.614000,0.093361,0.813278
0.615000,0.093361,0.813278
0.616000,0.091286,0.813278
0.617000,0.091286,0.813278
0.618000,0.089212,0.813278
0.619000,0.087137,0.813278
0.620000,0.087137,0.813278
0.621000,0.085062,0.813278
0.622000,0.085062,0.813278
0.623000,0.085062,0.813278
0.624000,0.082988,0.813278
0.625000,0.082988,0.813278
0.626000,0.082988,0.813278
0.627000,0.082988,0.811203
0.628000,0.082988,0.811203
0.629000,0.082988,0.809129
0.630000,0.082988,0.809129
0.631000,0.080913,0.807054
0.632000,0.080913,0.807054
0.633000,0.080913,0.804979
0.634000,0.080913,0.804979
0.635000,0.080913,0.804979
0.636000,0.080913,0.804979
0.637000,0.080913,0.802905
0.638000,0.080913,0.802905
0.639000,0.080913,0.802905
0.640000,0.080913,0.802905
0.641000,0.080913,0.800830
0.642000,0.080913,0.800830
0.643000,0.080913,0.800830
0.644000,0.078838,0.800830
0.645000,0.078838,0.800830
0.646000,0.078838,0.800830
0.647000,0.076763,0.800830
0.648000,0.076763,0.798755
0.649000,0.074689,0.796680
0.650000,0.074689,0.796680
0.651000,0.074689,0.796680
0.652000,0.072614,0.796680
0.653000,0.072614,0.796680
0.654000,0.072614,0.796680
0.655000,0.072614,0.796680
0.656000,0.072614,0.796680
0.657000,0.072614,0.796680
0.658000,0.072614,0.796680
0.659000,0.072614,0.796680
0.660000,0.070539,0.796680
0.661000,0.068465,0.796680
0.662000,0.068465,0.796680
0.663000,0.068465,0.794606
0.664000,0.068465,0.794606
0.665000,0.068465,0.792531
0.666000,0.068465,0.792531
0.667000,0.066390,0.792531
0.668000,0.064315,0.792531
0.669000,0.064315,0.790456
0.670000,0.062241,0.790456
0.671000,0.062241,0.788382
0.672000,0.062241,0.788382
0.673000,0.062241,0.786307
0.674000,0.062241,0.786307
0.675000,0.062241,0.786307
0.676000,0.060166,0.786307
0.677000,0.060166,0.784232
0.678000,0.060166,0.784232
0.679000,0.060166,0.784232
0.680000,0.060166,0.782158
0.681000,0.060166,0.780083
0.682000,0.060166,0.778008
0.683000,0.060166,0.778008
0.684000,0.060166,0.778008
0.685000,0.060166,0.778008
0.686000,0.060166,0.775934
0.687000,0.060166,0.773859
0.688000,0.060166,0.771784
0.689000,0.060166,0.769710
0.690000,0.060166,0.767635
0.691000,0.060166,0.767635
0.692000,0.060166,0.767635
0.693000,0.060166,0.763485
0.694000,0.060166,0.763485
0.695000,0.060166,0.763485
0.696000,0.060166,0.763485
0.697000,0.060166,0.763485
0.698000,0.060166,0.759336
0.699000,0.060166,0.759336
0.700000,0.060166,0.759336
0.701000,0.060166,0.757261
0.702000,0.060166,0.757261
0.703000,0.060166,0.755187
0.704000,0.060166,0.755187
0.705000,0.060166,0.753112
0.706000,0.060166,0.753112
0.707000,0.060166,0.753112
0.708000,0.060166,0.753112
0.709000,0.060166,0.751037
0.710000,0.060166,0.751037
0.711000,0.060166,0.751037
0.712000,0.060166,0.751037
0.713000,0.060166,0.751037
0.714000,0.060166,0.751037
0.715000,0.060166,0.751037
0.716000,0.060166,0.751037
0.717000,0.060166,0.751037
0.718000,0.058091,0.751037
0.719000,0.058091,0.748963
0.720000,0.058091,0.746888
0.721000,0.056017,0.744813
0.722000,0.056017,0.742739
0.723000,0.056017,0.738589
0.724000,0.056017,0.738589
0.725000,0.056017,0.736515
0.726000,0.056017,0.734440
0.727000,0.056017,0.734440
0.728000,0.056017,0.734440
0.729000,0.056017,0.730290
0.730000,0.056017,0.730290
0.731000,0.053942,0.730290
0.732000,0.053942,0.728216
0.733000,0.053942,0.728216
0.734000,0.053942,0.728216
0.735000,0.053942,0.728216
0.736000,0.053942,0.726141
0.737000,0.053942,0.726141
0.738000,0.053942,0.726141
0.739000,0.053942,0.726141
0.740000,0.053942,0.726141
0.741000,0.053942,0.726141
0.742000,0.053942,0.726141
0.743000,0.053942,0.724066
0.744000,0.053942,0.721992
0.745000,0.053942,0.719917
0.746000,0.053942,0.717842
0.747000,0.053942,0.717842
0.748000,0.053942,0.717842
0.749000,0.053942,0.717842
0.750000,0.053942,0.717842
0.751000,0.053942,0.713693
0.752000,0.053942,0.713693
0.753000,0.053942,0.713693
0.754000,0.053942,0.713693
0.755000,0.053942,0.713693
0.756000,0.053942,0.711618
0.757000,0.053942,0.711618
0.758000,0.051867,0.709544
0.759000,0.051867,0.709544
0.760000,0.051867,0.707469
0.761000,0.051867,0.705394
0.762000,0.051867,0.705394
0.763000,0.051867,0.701245
0.764000,0.049793,0.701245
0.765000,0.049793,0.699170
0.766000,0.049793,0.699170
0.767000,0.049793,0.699170
0.768000,0.049793,0.697095
0.769000,0.049793,0.697095
0.770000,0.049793,0.692946
0.771000,0.049793,0.690871
0.772000,0.049793,0.688797
0.773000,0.047718,0.688797
0.774000,0.047718,0.686722
0.775000,0.047718,0.684647
0.776000,0.047718,0.682573
0.777000,0.047718,0.680498
0.778000,0.047718,0.678423
0.779000,0.047718,0.676349
0.780000,0.047718,0.674274
0.781000,0.047718,0.674274
0.782000,0.047718,0.674274
0.783000,0.047718,0.674274
0.784000,0.047718,0.672199
0.785000,0.047718,0.672199
0.786000,0.047718,0.670124
0.787000,0.047718,0.670124
0.788000,0.047718,0.668050
0.789000,0.047718,0.668050
0.790000,0.047718,0.665975
0.791000,0.047718,0.663900
0.792000,0.047718,0.663900
0.793000,0.047718,0.663900
0.794000,0.047718,0.661826
0.795000,0.047718,0.661826
0.796000,0.047718,0.659751
0.797000,0.047718,0.659751
0.798000,0.047718,0.659751
0.799000,0.047718,0.659751
0.800000,0.047718,0.659751
0.801000,0.047718,0.657676
0.802000,0.045643,0.657676
0.803000,0.045643,0.657676
0.804000,0.045643,0.655602
0.805000,0.045643,0.653527
0.806000,0.045643,0.653527
0.807000,0.043568,0.653527
0.808000,0.043568,0.653527
0.809000,0.043568,0.651452
0.810000,0.041494,0.651452
0.811000,0.041494,0.649378
0.812000,0.041494,0.647303
0.813000,0.041494,0.647303
0.814000,0.041494,0.645228
0.815000,0.041494,0.645228
0.816000,0.039419,0.643154
0.817000,0.039419,0.643154
0.818000,0.037344,0.639004
0.819000,0.037344,0.634855
0.820000,0.037344,0.632780
0.821000,0.037344,0.630705
0.822000,0.037344,0.628631
0.823000,0.037344,0.626556
0.824000,0.037344,0.622407
0.825000,0.037344,0.622407
0.826000,0.037344,0.620332
0.827000,0.037344,0.616183
0.828000,0.037344,0.616183
0.829000,0.037344,0.616183
0.830000,0.037344,0.614108
0.831000,0.037344,0.612033
0.832000,0.037344,0.607884
0.833000,0.035270,0.605809
0.834000,0.035270,0.603734
0.835000,0.035270,0.603734
0.836000,0.035270,0.599585
0.837000,0.035270,0.595436
0.838000,0.035270,0.593361
0.839000,0.035270,0.593361
0.840000,0.035270,0.591286
0.841000,0.033195,0.591286
0.842000,0.033195,0.589212
0.843000,0.033195,0.587137
0.844000,0.031120,0.582988
0.845000,0.031120,0.580913
0.846000,0.031120,0.580913
0.847000,0.031120,0.578838
0.848000,0.029046,0.574689
0.849000,0.029046,0.570539
0.850000,0.029046,0.570539
0.851000,0.029046,0.568465
0.852000,0.024896,0.568465
0.853000,0.022822,0.566390
0.854000,0.022822,0.564315
0.855000,0.022822,0.564315
0.856000,0.022822,0.564315
0.857000,0.022822,0.562241
0.858000,0.022822,0.562241
0.859000,0.022822,0.558091
0.860000,0.022822,0.556017
0.861000,0.022822,0.551867
0.862000,0.022822,0.543568
0.863000,0.022822,0.535270
0.864000,0.022822,0.535270
0.865000,0.022822,0.531120
0.866000,0.022822,0.529046
0.867000,0.022822,0.522822
0.868000,0.022822,0.520747
0.869000,0.022822,0.520747
0.870000,0.022822,0.516598
0.871000,0.022822,0.510373
0.872000,0.022822,0.508299
0.873000,0.022822,0.508299
0.874000,0.022822,0.506224
0.875000,0.022822,0.502075
0.876000,0.022822,0.497925
0.877000,0.022822,0.491701
0.878000,0.022822,0.489627
0.879000,0.022822,0.483402
0.880000,0.022822,0.479253
0.881000,0.022822,0.475104
0.882000,0.020747,0.466805
0.883000,0.020747,0.464730
0.884000,0.020747,0.462656
0.885000,0.020747,0.460581
0.886000,0.020747,0.456432
0.887000,0.020747,0.452282
0.888000,0.018672,0.443983
0.889000,0.018672,0.439834
0.890000,0.018672,0.435685
0.891000,0.018672,0.429461
0.892000,0.018672,0.425311
0.893000,0.018672,0.423237
0.894000,0.018672,0.419087
0.895000,0.018672,0.419087
0.896000,0.018672,0.417012
0.897000,0.018672,0.414938
0.898000,0.018672,0.406639
0.899000,0.018672,0.400415
0.900000,0.018672,0.398340
0.901000,0.018672,0.392116
0.902000,0.018672,0.385892
0.903000,0.018672,0.383817
0.904000,0.018672,0.383817
0.905000,0.018672,0.383817
0.906000,0.016598,0.381743
0.907000,0.016598,0.379668
0.908000,0.016598,0.377593
0.909000,0.016598,0.371369
0.910000,0.016598,0.369295
0.911000,0.014523,0.363071
0.912000,0.014523,0.360996
0.913000,0.014523,0.356846
0.914000,0.014523,0.352697
0.915000,0.014523,0.352697
0.916000,0.014523,0.342324
0.917000,0.014523,0.334025
0.918000,0.014523,0.329876
0.919000,0.014523,0.327801
0.920000,0.014523,0.319502
0.921000,0.012448,0.311203
0.922000,0.012448,0.311203
0.923000,0.012448,0.302905
0.924000,0.012448,0.302905
0.925000,0.012448,0.298755
0.926000,0.012448,0.298755
0.927000,0.012448,0.294606
0.928000,0.012448,0.290456
0.929000,0.012448,0.288382
0.930000,0.012448,0.286307
0.931000,0.012448,0.284232
0.932000,0.012448,0.278008
0.933000,0.010373,0.271784
0.934000,0.010373,0.257261
0.935000,0.010373,0.255187
0.936000,0.010373,0.248963
0.937000,0.008299,0.238589
0.938000,0.008299,0.234440
0.939000,0.008299,0.232365
0.940000,0.008299,0.226141
0.941000,0.008299,0.221992
0.942000,0.008299,0.219917
0.943000,0.008299,0.213693
0.944000,0.008299,0.211618
0.945000,0.008299,0.207469
0.946000,0.008299,0.207469
0.947000,0.008299,0.199170
0.948000,0.008299,0.192946
0.949000,0.008299,0.192946
0.950000,0.008299,0.188797
0.951000,0.008299,0.182573
0.952000,0.008299,0.176349
0.953000,0.008299,0.176349
0.954000,0.008299,0.170124
0.955000,0.008299,0.168050
0.956000,0.008299,0.161826
0.957000,0.008299,0.155602
0.958000,0.008299,0.153527
0.959000,0.008299,0.149378
0.960000,0.008299,0.143154
0.961000,0.008299,0.134855
0.962000,0.008299,0.134855
0.963000,0.008299,0.130705
0.964000,0.008299,0.126556
0.965000,0.008299,0.120332
0.966000,0.008299,0.118257
0.967000,0.008299,0.114108
0.968000,0.008299,0.112033
0.969000,0.006224,0.112033
0.970000,0.006224,0.105809
0.971000,0.006224,0.103734
0.972000,0.006224,0.099585
0.973000,0.006224,0.097510
0.974000,0.006224,0.095436
0.975000,0.006224,0.095436
0.976000,0.006224,0.093361
0.977000,0.006224,0.091286
0.978000,0.006224,0.080913
0.979000,0.006224,0.072614
0.980000,0.006224,0.072614
0.981000,0.006224,0.064315
0.982000,0.004149,0.060166
0.983000,0.004149,0.056017
0.984000,0.004149,0.056017
0.985000,0.004149,0.047718
0.986000,0.004149,0.043568
0.987000,0.004149,0.039419
0.988000,0.004149,0.039419
0.989000,0.004149,0.037344
0.990000,0.004149,0.031120
0.991000,0.004149,0.022822
0.992000,0.004149,0.020747
0.993000,0.004149,0.020747
0.994000,0.002075,0.018672
0.995000,0.002075,0.016598
0.996000,0.002075,0.016598
0.997000,0.002075,0.008299
0.998000,0.002075,0.000000
0.999000,0.000000,0.000000
1.000000,0.000000,0.000000
